Week_Index,LinearReg_pred
157,1467.7292887439637
158,1579.596465482665
159,1171.402799019765
160,1439.193930206029
161,1096.4083808341616
162,1154.117403437504
163,978.0973111558603
164,1391.326838549728
165,1212.420620346189
166,1833.3026588455666
167,699.1865386018724
168,1177.4633076701182
