Week_Index,LinearReg_pred
157,1278.1009158016955
158,1599.3301530560238
159,1170.1613901093933
160,1190.6742151060969
161,1766.64995893605
162,1459.5062081438946
163,1581.935948258455
164,2062.472090213522
165,1263.7456173958135
166,1470.278465749831
167,1860.5411605630422
168,1576.7291264389692
