Week_Index,LinearReg_pred
157,2904.140644045247
158,1583.652059730777
159,2440.6023561756374
160,2746.2724692674415
161,2383.711026325671
162,2243.559236017694
163,2254.1478466692465
164,3994.006942186089
165,1624.363034384227
166,2171.1062443470464
167,2323.6608281729746
168,2544.323590475986
