Week_Index,LinearReg_pred
157,3125.1866446423846
158,1610.1131518051002
159,1992.7539318688496
160,1456.4741151839266
161,2071.524713426432
162,2035.77783124739
163,1762.5430446364965
164,1945.7494491221719
165,1887.4968222485338
166,2232.6691744877853
167,1667.3789203413662
168,2725.5450789041024
