Product_ID,Model,rmse,mae,mape_pct
P007,LinearRegression,27.63102037539564,18.761377292283385,0.7589305453492116
P006,LinearRegression,5.602273122150611,4.102311441673597,0.18279137272235058
P007,ARIMA,636.4570593849376,482.1318133967252,20.022595450821182
P006,ARIMA,457.1164572999721,331.3351052021886,15.154390313130506
