Product_ID,n_weeks,rmse,mae,mape_pct
P007,157,27.63102037539564,18.761377292283385,0.7589305453492116
P006,157,5.602273122150611,4.102311441673597,0.18279137272235058
P012,157,26.976431766222163,22.323429289470255,1.5650855274514412
P005,157,3.4039872397273316,2.7537305153513407,0.2505112637690725
P004,157,6.206795025392553,5.10242476956455,0.34414015874279064
P010,157,1.4286150411797,1.1628348004221607,0.09336166706210067
