Week_Index,LinearReg_pred
157,1102.9406118583179
158,1165.212306665848
159,1034.3810883712765
160,1101.47955081652
161,1077.6380589642401
162,1345.3390864858047
163,1169.9579573820147
164,1212.419782489353
165,1242.223283539738
166,986.9727681134455
167,657.0678109702675
168,814.6796755369688
