Week_Index,LinearReg_pred
157,1367.982494663981
158,1262.4168815003202
159,1263.349438368486
160,1019.1774454433955
161,1677.1830376931055
162,1294.214429747198
163,1484.490214492431
164,2332.1561501052847
165,1470.6835746033662
166,1308.27491390064
167,1393.7318754239016
168,1298.9979774475191
